Trading day,Product,MIBGAS Daily Price [EUR/MWh]
31/12/2022,GDAES_D+1,62.49
30/12/2022,GDAES_D+1,52.85
30/12/2022,GMAES,71.61
29/12/2022,GDAES_D+1,64.78
29/12/2022,GMAES,78.33
29/12/2022,GQES_Q+1,79.8
29/12/2022,GYES_Y+1,79.42
28/12/2022,GDAES_D+1,69.83
28/12/2022,GMAES,75.65
28/12/2022,GQES_Q+1,78.65
28/12/2022,GYES_Y+1,74.76
27/12/2022,GDAES_D+1,71.95
27/12/2022,GMAES,76.5
27/12/2022,GQES_Q+1,73.33
27/12/2022,GYES_Y+1,73.27
26/12/2022,GDAES_D+1,72.2
25/12/2022,GDAES_D+1,71.81
24/12/2022,GDAES_D+1,62.1
23/12/2022,GDAES_D+1,70.5
23/12/2022,GMAES,78.2
23/12/2022,GQES_Q+1,80
23/12/2022,GYES_Y+1,76.73
22/12/2022,GDAES_D+1,71.05
22/12/2022,GMAES,82.7
22/12/2022,GQES_Q+1,84.67
22/12/2022,GYES_Y+1,82.87
21/12/2022,GDAES_D+1,80.7
21/12/2022,GMAES,88.55
21/12/2022,GQES_Q+1,96
21/12/2022,GYES_Y+1,94.05
20/12/2022,GDAES_D+1,84.93
20/12/2022,GMAES,96.3
20/12/2022,GQES_Q+1,96.75
20/12/2022,GYES_Y+1,94.7
19/12/2022,GDAES_D+1,87.5
19/12/2022,GMAES,96.46
19/12/2022,GQES_Q+1,99.9
19/12/2022,GYES_Y+1,96.93
18/12/2022,GDAES_D+1,97.8
17/12/2022,GDAES_D+1,102.72
16/12/2022,GDAES_D+1,112.85
16/12/2022,GMAES,108
16/12/2022,GQES_Q+1,102.21
16/12/2022,GYES_Y+1,101.68
15/12/2022,GDAES_D+1,116.09
15/12/2022,GMAES,117.75
15/12/2022,GQES_Q+1,117.7
15/12/2022,GYES_Y+1,117.14
14/12/2022,GDAES_D+1,116.85
14/12/2022,GMAES,113.75
14/12/2022,GQES_Q+1,113
14/12/2022,GYES_Y+1,113.2
13/12/2022,GDAES_D+1,119.9
13/12/2022,GMAES,119.25
13/12/2022,GQES_Q+1,118
13/12/2022,GYES_Y+1,118.29
12/12/2022,GDAES_D+1,119.81
12/12/2022,GMAES,119.71
12/12/2022,GQES_Q+1,120
12/12/2022,GYES_Y+1,118.18
11/12/2022,GDAES_D+1,131.99
10/12/2022,GDAES_D+1,137.63
09/12/2022,GDAES_D+1,131.89
09/12/2022,GMAES,125
09/12/2022,GQES_Q+1,121.01
09/12/2022,GYES_Y+1,121.49
08/12/2022,GDAES_D+1,131.5
08/12/2022,GMAES,114.12
08/12/2022,GQES_Q+1,115.63
08/12/2022,GYES_Y+1,118.71
07/12/2022,GDAES_D+1,123.6
07/12/2022,GMAES,125.13
07/12/2022,GQES_Q+1,128.96
07/12/2022,GYES_Y+1,128.47
06/12/2022,GDAES_D+1,122.85
06/12/2022,GMAES,120.7
06/12/2022,GQES_Q+1,115.15
06/12/2022,GYES_Y+1,116.59
05/12/2022,GDAES_D+1,120.56
05/12/2022,GMAES,115.47
05/12/2022,GQES_Q+1,111.39
05/12/2022,GYES_Y+1,113.2
04/12/2022,GDAES_D+1,144.13
03/12/2022,GDAES_D+1,141.6
02/12/2022,GDAES_D+1,117.9
02/12/2022,GMAES,108.07
02/12/2022,GQES_Q+1,108
02/12/2022,GYES_Y+1,114.81
01/12/2022,GDAES_D+1,101
01/12/2022,GMAES,113
01/12/2022,GQES_Q+1,114.03
01/12/2022,GYES_Y+1,116.74
30/11/2022,GDAES_D+1,105.45
30/11/2022,GMAES,121.5
30/11/2022,GQES_Q+1,117.77
30/11/2022,GYES_Y+1,121.34
29/11/2022,GDAES_D+1,103.78
29/11/2022,GMAES,102.25
29/11/2022,GQES_Q+1,104
29/11/2022,GYES_Y+1,111.5
28/11/2022,GDAES_D+1,95
28/11/2022,GMAES,93.31
28/11/2022,GQES_Q+1,96.6
28/11/2022,GYES_Y+1,103.27
27/11/2022,GDAES_D+1,87.93
26/11/2022,GDAES_D+1,82.64
25/11/2022,GDAES_D+1,87.85
25/11/2022,GMAES,92
25/11/2022,GQES_Q+1,99.51
25/11/2022,GYES_Y+1,104.21
24/11/2022,GDAES_D+1,89.99
24/11/2022,GMAES,90.54
24/11/2022,GQES_Q+1,99
24/11/2022,GYES_Y+1,103.79
23/11/2022,GDAES_D+1,85.5
23/11/2022,GMAES,82
23/11/2022,GQES_Q+1,103
23/11/2022,GYES_Y+1,113.25
22/11/2022,GDAES_D+1,65
22/11/2022,GMAES,75
22/11/2022,GQES_Q+1,100
22/11/2022,GYES_Y+1,107.31
21/11/2022,GDAES_D+1,51.17
21/11/2022,GMAES,74.87
21/11/2022,GQES_Q+1,90
21/11/2022,GYES_Y+1,103.03
20/11/2022,GDAES_D+1,51.58
19/11/2022,GDAES_D+1,48.54
18/11/2022,GDAES_D+1,47.99
18/11/2022,GMAES,76.8
18/11/2022,GQES_Q+1,93.57
18/11/2022,GYES_Y+1,99.45
17/11/2022,GDAES_D+1,52.97
17/11/2022,GMAES,70.33
17/11/2022,GQES_Q+1,94
17/11/2022,GYES_Y+1,101.32
16/11/2022,GDAES_D+1,53.8
16/11/2022,GMAES,74.5
16/11/2022,GQES_Q+1,97.3
16/11/2022,GYES_Y+1,102.43
15/11/2022,GDAES_D+1,51.9
15/11/2022,GMAES,74.1
15/11/2022,GQES_Q+1,102
15/11/2022,GYES_Y+1,106.28
14/11/2022,GDAES_D+1,55
14/11/2022,GMAES,72.28
14/11/2022,GQES_Q+1,99.4
14/11/2022,GYES_Y+1,99.61
13/11/2022,GDAES_D+1,57.5
12/11/2022,GDAES_D+1,53.65
11/11/2022,GDAES_D+1,50.85
11/11/2022,GMAES,71
11/11/2022,GQES_Q+1,92
11/11/2022,GYES_Y+1,103
10/11/2022,GDAES_D+1,64.85
10/11/2022,GMAES,87
10/11/2022,GQES_Q+1,97.68
10/11/2022,GYES_Y+1,97.43
09/11/2022,GDAES_D+1,48.5
09/11/2022,GMAES,86
09/11/2022,GQES_Q+1,98.53
09/11/2022,GYES_Y+1,96.98
08/11/2022,GDAES_D+1,45
08/11/2022,GMAES,89
08/11/2022,GQES_Q+1,98
08/11/2022,GYES_Y+1,93.13
07/11/2022,GDAES_D+1,47.75
07/11/2022,GMAES,89.7
07/11/2022,GQES_Q+1,98.5
07/11/2022,GYES_Y+1,93.13
06/11/2022,GDAES_D+1,43.01
05/11/2022,GDAES_D+1,48.56
04/11/2022,GDAES_D+1,43.64
04/11/2022,GMAES,95.85
04/11/2022,GQES_Q+1,99.57
04/11/2022,GYES_Y+1,92.88
03/11/2022,GDAES_D+1,48.84
03/11/2022,GMAES,103
03/11/2022,GQES_Q+1,107
03/11/2022,GYES_Y+1,101.81
02/11/2022,GDAES_D+1,64.45
02/11/2022,GMAES,102.5
02/11/2022,GQES_Q+1,103.26
02/11/2022,GYES_Y+1,97.14
01/11/2022,GDAES_D+1,58.15
01/11/2022,GMAES,83.19
01/11/2022,GQES_Q+1,93.73
01/11/2022,GYES_Y+1,88.95
31/10/2022,GDAES_D+1,56.06
31/10/2022,GMAES,70.56
31/10/2022,GQES_Q+1,100.26
31/10/2022,GYES_Y+1,95.49
30/10/2022,GDAES_D+1,79.89
29/10/2022,GDAES_D+1,67.06
28/10/2022,GDAES_D+1,48.73
28/10/2022,GMAES,85.5
28/10/2022,GQES_Q+1,114.2
28/10/2022,GYES_Y+1,107.91
27/10/2022,GDAES_D+1,47.46
27/10/2022,GMAES,79
27/10/2022,GQES_Q+1,111.97
27/10/2022,GYES_Y+1,105.47
26/10/2022,GDAES_D+1,44.64
26/10/2022,GMAES,63.33
26/10/2022,GQES_Q+1,110.64
26/10/2022,GYES_Y+1,103.53
25/10/2022,GDAES_D+1,47
25/10/2022,GMAES,58
25/10/2022,GQES_Q+1,109.45
25/10/2022,GYES_Y+1,105.8
24/10/2022,GDAES_D+1,31.6
24/10/2022,GMAES,52.5
24/10/2022,GQES_Q+1,112.48
24/10/2022,GYES_Y+1,108.96
23/10/2022,GDAES_D+1,45.96
22/10/2022,GDAES_D+1,36.99
21/10/2022,GDAES_D+1,44.95
21/10/2022,GMAES,60
21/10/2022,GQES_Q+1,113.05
21/10/2022,GYES_Y+1,116.28
20/10/2022,GDAES_D+1,46.9
20/10/2022,GMAES,74
20/10/2022,GQES_Q+1,119.56
20/10/2022,GYES_Y+1,122.76
19/10/2022,GDAES_D+1,33.06
19/10/2022,GMAES,64.6
19/10/2022,GQES_Q+1,120
19/10/2022,GYES_Y+1,108.93
18/10/2022,GDAES_D+1,27.78
18/10/2022,GMAES,60
18/10/2022,GQES_Q+1,108.54
18/10/2022,GYES_Y+1,111.78
17/10/2022,GDAES_D+1,34.3
17/10/2022,GMAES,69
17/10/2022,GQES_Q+1,116.29
17/10/2022,GYES_Y+1,119.71
16/10/2022,GDAES_D+1,52.68
15/10/2022,GDAES_D+1,64.43
14/10/2022,GDAES_D+1,52.37
14/10/2022,GMAES,83
14/10/2022,GQES_Q+1,127.34
14/10/2022,GYES_Y+1,133
13/10/2022,GDAES_D+1,68
13/10/2022,GMAES,101.8
13/10/2022,GQES_Q+1,127.49
13/10/2022,GYES_Y+1,127.9
12/10/2022,GDAES_D+1,75.45
12/10/2022,GMAES,100.19
12/10/2022,GQES_Q+1,130.76
12/10/2022,GYES_Y+1,136.56
11/10/2022,GDAES_D+1,80
11/10/2022,GMAES,93
11/10/2022,GQES_Q+1,124.69
11/10/2022,GYES_Y+1,136.35
10/10/2022,GDAES_D+1,80.9
10/10/2022,GMAES,88.96
10/10/2022,GQES_Q+1,124.69
10/10/2022,GYES_Y+1,136.35
09/10/2022,GDAES_D+1,93.74
08/10/2022,GDAES_D+1,79.19
07/10/2022,GDAES_D+1,78.47
07/10/2022,GMAES,90
07/10/2022,GQES_Q+1,125.85
07/10/2022,GYES_Y+1,134.8
06/10/2022,GDAES_D+1,78.85
06/10/2022,GMAES,108.3
06/10/2022,GQES_Q+1,139.26
06/10/2022,GYES_Y+1,145.08
05/10/2022,GDAES_D+1,88.7
05/10/2022,GMAES,115.93
05/10/2022,GQES_Q+1,140.09
05/10/2022,GYES_Y+1,143.28
04/10/2022,GDAES_D+1,94.57
04/10/2022,GMAES,105.9
04/10/2022,GQES_Q+1,128.99
04/10/2022,GYES_Y+1,131.88
03/10/2022,GDAES_D+1,107.24
03/10/2022,GMAES,97
03/10/2022,GQES_Q+1,127.36
03/10/2022,GYES_Y+1,133.82
02/10/2022,GDAES_D+1,125.5
01/10/2022,GDAES_D+1,97.48
30/09/2022,GDAES_D+1,80
30/09/2022,GMAES,78
30/09/2022,GYES_Y+1,142.67
29/09/2022,GDAES_D+1,85
29/09/2022,GMAES,86.89
29/09/2022,GQES_Q+1,107.98
29/09/2022,GYES_Y+1,150
28/09/2022,GDAES_D+1,92.3
28/09/2022,GMAES,105
28/09/2022,GQES_Q+1,124.52
28/09/2022,GYES_Y+1,170.95
27/09/2022,GDAES_D+1,91.95
27/09/2022,GMAES,112
27/09/2022,GQES_Q+1,124.63
27/09/2022,GYES_Y+1,163.14
26/09/2022,GDAES_D+1,83.7
26/09/2022,GMAES,100
26/09/2022,GQES_Q+1,126.23
26/09/2022,GYES_Y+1,156.03
25/09/2022,GDAES_D+1,94.16
24/09/2022,GDAES_D+1,95.49
23/09/2022,GDAES_D+1,95
23/09/2022,GMAES,110
23/09/2022,GQES_Q+1,136.46
23/09/2022,GYES_Y+1,161.23
22/09/2022,GDAES_D+1,105.63
22/09/2022,GMAES,116.5
22/09/2022,GQES_Q+1,140.47
22/09/2022,GYES_Y+1,161.05
21/09/2022,GDAES_D+1,104.05
21/09/2022,GMAES,125
21/09/2022,GQES_Q+1,143.78
21/09/2022,GYES_Y+1,163.33
20/09/2022,GDAES_D+1,118.08
20/09/2022,GMAES,133.67
20/09/2022,GQES_Q+1,146.9
20/09/2022,GYES_Y+1,162.09
19/09/2022,GDAES_D+1,104.85
19/09/2022,GMAES,130.26
19/09/2022,GQES_Q+1,139.81
19/09/2022,GYES_Y+1,152.99
18/09/2022,GDAES_D+1,114.73
17/09/2022,GDAES_D+1,118.16
16/09/2022,GDAES_D+1,107.59
16/09/2022,GMAES,120
16/09/2022,GQES_Q+1,144.21
16/09/2022,GYES_Y+1,156.22
15/09/2022,GDAES_D+1,135
15/09/2022,GMAES,155.44
15/09/2022,GQES_Q+1,166.67
15/09/2022,GYES_Y+1,180.59
14/09/2022,GDAES_D+1,167.5
14/09/2022,GMAES,171
14/09/2022,GQES_Q+1,167.78
14/09/2022,GYES_Y+1,174.5
13/09/2022,GDAES_D+1,138.53
13/09/2022,GMAES,154.5
13/09/2022,GQES_Q+1,150.26
13/09/2022,GYES_Y+1,156.71
12/09/2022,GDAES_D+1,131.78
12/09/2022,GMAES,136.5
12/09/2022,GQES_Q+1,151.19
12/09/2022,GYES_Y+1,154.58
11/09/2022,GDAES_D+1,148.94
10/09/2022,GDAES_D+1,142.5
09/09/2022,GDAES_D+1,134.73
09/09/2022,GMAES,130
09/09/2022,GQES_Q+1,154.1
09/09/2022,GYES_Y+1,162.37
08/09/2022,GDAES_D+1,144
08/09/2022,GMAES,135
08/09/2022,GQES_Q+1,167.05
08/09/2022,GYES_Y+1,177.47
07/09/2022,GDAES_D+1,105
07/09/2022,GMAES,116.5
07/09/2022,GQES_Q+1,151.5
07/09/2022,GYES_Y+1,170.33
06/09/2022,GDAES_D+1,107.2
06/09/2022,GMAES,146.43
06/09/2022,GQES_Q+1,177.84
06/09/2022,GYES_Y+1,186.35
05/09/2022,GDAES_D+1,111.15
05/09/2022,GMAES,147.28
05/09/2022,GQES_Q+1,184.12
05/09/2022,GYES_Y+1,183.08
04/09/2022,GDAES_D+1,133
03/09/2022,GDAES_D+1,126.67
02/09/2022,GDAES_D+1,100
02/09/2022,GMAES,122.3
02/09/2022,GQES_Q+1,171.37
02/09/2022,GYES_Y+1,164.47
01/09/2022,GDAES_D+1,154.18
01/09/2022,GMAES,183.33
01/09/2022,GQES_Q+1,201
01/09/2022,GYES_Y+1,177.89
31/08/2022,GDAES_D+1,172
31/08/2022,GMAES,167
31/08/2022,GQES_Q+1,192.9
31/08/2022,GYES_Y+1,174.78
30/08/2022,GDAES_D+1,188.38
30/08/2022,GMAES,200
30/08/2022,GQES_Q+1,222.56
30/08/2022,GYES_Y+1,210.5
29/08/2022,GDAES_D+1,240
29/08/2022,GMAES,233
29/08/2022,GQES_Q+1,235.87
29/08/2022,GYES_Y+1,243.29
28/08/2022,GDAES_D+1,227.83
27/08/2022,GDAES_D+1,222.8
26/08/2022,GDAES_D+1,205
26/08/2022,GMAES,230
26/08/2022,GQES_Q+1,288.75
26/08/2022,GYES_Y+1,291.54
25/08/2022,GDAES_D+1,218
25/08/2022,GMAES,230.76
25/08/2022,GQES_Q+1,277.8
25/08/2022,GYES_Y+1,269.56
24/08/2022,GDAES_D+1,208.62
24/08/2022,GMAES,215
24/08/2022,GQES_Q+1,247.47
24/08/2022,GYES_Y+1,247.47
23/08/2022,GDAES_D+1,193.54
23/08/2022,GMAES,195
23/08/2022,GQES_Q+1,218.14
23/08/2022,GYES_Y+1,229.14
22/08/2022,GDAES_D+1,216
22/08/2022,GMAES,214
22/08/2022,GQES_Q+1,244.83
22/08/2022,GYES_Y+1,236.33
21/08/2022,GDAES_D+1,189.56
20/08/2022,GDAES_D+1,187.56
19/08/2022,GDAES_D+1,172
19/08/2022,GMAES,184
19/08/2022,GQES_Q+1,214.41
19/08/2022,GYES_Y+1,214.92
18/08/2022,GDAES_D+1,162.95
18/08/2022,GMAES,174.07
18/08/2022,GQES_Q+1,211.75
18/08/2022,GYES_Y+1,209.42
17/08/2022,GDAES_D+1,158
17/08/2022,GMAES,160.8
17/08/2022,GQES_Q+1,196.43
17/08/2022,GYES_Y+1,195.26
16/08/2022,GDAES_D+1,153.38
16/08/2022,GMAES,162.77
16/08/2022,GQES_Q+1,197.72
16/08/2022,GYES_Y+1,194.61
15/08/2022,GDAES_D+1,147.59
15/08/2022,GMAES,156.39
15/08/2022,GQES_Q+1,192.78
15/08/2022,GYES_Y+1,188.27
14/08/2022,GDAES_D+1,146.28
13/08/2022,GDAES_D+1,148.48
12/08/2022,GDAES_D+1,148.76
12/08/2022,GMAES,145
12/08/2022,GQES_Q+1,179.32
12/08/2022,GYES_Y+1,178.01
11/08/2022,GDAES_D+1,153.92
11/08/2022,GMAES,152.55
11/08/2022,GQES_Q+1,181.09
11/08/2022,GYES_Y+1,178.16
10/08/2022,GDAES_D+1,145
10/08/2022,GMAES,146
10/08/2022,GQES_Q+1,176.43
10/08/2022,GYES_Y+1,167.33
09/08/2022,GDAES_D+1,123.55
09/08/2022,GMAES,139.35
09/08/2022,GQES_Q+1,160.8
09/08/2022,GYES_Y+1,150.99
08/08/2022,GDAES_D+1,123.05
08/08/2022,GMAES,139.45
08/08/2022,GQES_Q+1,164.71
08/08/2022,GYES_Y+1,149.78
07/08/2022,GDAES_D+1,130.39
06/08/2022,GDAES_D+1,120.61
05/08/2022,GDAES_D+1,125.91
05/08/2022,GMAES,139.9
05/08/2022,GQES_Q+1,166.82
05/08/2022,GYES_Y+1,148.68
04/08/2022,GDAES_D+1,134.56
04/08/2022,GMAES,142.85
04/08/2022,GQES_Q+1,167.68
04/08/2022,GYES_Y+1,147.55
03/08/2022,GDAES_D+1,129
03/08/2022,GMAES,144.9
03/08/2022,GQES_Q+1,168.32
03/08/2022,GYES_Y+1,148.02
02/08/2022,GDAES_D+1,126.76
02/08/2022,GMAES,140.32
02/08/2022,GQES_Q+1,175.43
02/08/2022,GYES_Y+1,148.56
01/08/2022,GDAES_D+1,122
01/08/2022,GMAES,136
01/08/2022,GQES_Q+1,183.54
01/08/2022,GYES_Y+1,144.48
31/07/2022,GDAES_D+1,129.22
30/07/2022,GDAES_D+1,110
29/07/2022,GDAES_D+1,109.66
29/07/2022,GMAES,120
29/07/2022,GQES_Q+1,171.66
29/07/2022,GYES_Y+1,141.81
28/07/2022,GDAES_D+1,127.1
28/07/2022,GMAES,141.2
28/07/2022,GQES_Q+1,180.5
28/07/2022,GYES_Y+1,142
27/07/2022,GDAES_D+1,134.34
27/07/2022,GMAES,148
27/07/2022,GQES_Q+1,185.74
27/07/2022,GYES_Y+1,138.2
26/07/2022,GDAES_D+1,134
26/07/2022,GMAES,140.65
26/07/2022,GQES_Q+1,181.94
26/07/2022,GYES_Y+1,141.22
25/07/2022,GDAES_D+1,120.2
25/07/2022,GMAES,135
25/07/2022,GQES_Q+1,159.31
25/07/2022,GYES_Y+1,128.52
24/07/2022,GDAES_D+1,132.73
23/07/2022,GDAES_D+1,128
22/07/2022,GDAES_D+1,115.05
22/07/2022,GMAES,130.3
22/07/2022,GQES_Q+1,143.35
22/07/2022,GYES_Y+1,120.57
21/07/2022,GDAES_D+1,126.91
21/07/2022,GMAES,130.86
21/07/2022,GQES_Q+1,139.58
21/07/2022,GYES_Y+1,115.99
20/07/2022,GDAES_D+1,115.17
20/07/2022,GMAES,118.5
20/07/2022,GQES_Q+1,141.49
20/07/2022,GYES_Y+1,115.77
19/07/2022,GDAES_D+1,111
19/07/2022,GMAES,115.29
19/07/2022,GQES_Q+1,133.69
19/07/2022,GYES_Y+1,111.37
18/07/2022,GDAES_D+1,107.3
18/07/2022,GMAES,107.6
18/07/2022,GQES_Q+1,130.85
18/07/2022,GYES_Y+1,110.53
17/07/2022,GDAES_D+1,102
16/07/2022,GDAES_D+1,97.24
15/07/2022,GDAES_D+1,94.75
15/07/2022,GMAES,110.36
15/07/2022,GQES_Q+1,124.66
15/07/2022,GYES_Y+1,110.13
14/07/2022,GDAES_D+1,123.2
14/07/2022,GMAES,132
14/07/2022,GQES_Q+1,149.06
14/07/2022,GYES_Y+1,123.71
13/07/2022,GDAES_D+1,137.5
13/07/2022,GMAES,146.01
13/07/2022,GQES_Q+1,157.67
13/07/2022,GYES_Y+1,128.8
12/07/2022,GDAES_D+1,139.63
12/07/2022,GMAES,141.5
12/07/2022,GQES_Q+1,152.2
12/07/2022,GYES_Y+1,126.09
11/07/2022,GDAES_D+1,134.03
11/07/2022,GMAES,130
11/07/2022,GQES_Q+1,147.97
11/07/2022,GYES_Y+1,122.17
10/07/2022,GDAES_D+1,145.59
09/07/2022,GDAES_D+1,145.89
08/07/2022,GDAES_D+1,130
08/07/2022,GMAES,138
08/07/2022,GQES_Q+1,157.51
08/07/2022,GYES_Y+1,124.82
07/07/2022,GDAES_D+1,154.5
07/07/2022,GMAES,157
07/07/2022,GQES_Q+1,165.59
07/07/2022,GYES_Y+1,130.79
06/07/2022,GDAES_D+1,141.44
06/07/2022,GMAES,145
06/07/2022,GQES_Q+1,153.09
06/07/2022,GYES_Y+1,118.52
05/07/2022,GDAES_D+1,137.83
05/07/2022,GMAES,141.54
05/07/2022,GQES_Q+1,146.19
05/07/2022,GYES_Y+1,110.95
04/07/2022,GDAES_D+1,138.3
04/07/2022,GMAES,138.65
04/07/2022,GQES_Q+1,147.22
04/07/2022,GYES_Y+1,109.51
03/07/2022,GDAES_D+1,138.18
02/07/2022,GDAES_D+1,129
01/07/2022,GDAES_D+1,120.53
01/07/2022,GMAES,125.35
01/07/2022,GQES_Q+1,132
01/07/2022,GYES_Y+1,99.18
30/06/2022,GDAES_D+1,121.21
30/06/2022,GMAES,123.02
30/06/2022,GYES_Y+1,97.6
29/06/2022,GDAES_D+1,115.88
29/06/2022,GMAES,120.89
29/06/2022,GQES_Q+1,123.46
29/06/2022,GYES_Y+1,95.38
28/06/2022,GDAES_D+1,113.43
28/06/2022,GMAES,116
28/06/2022,GQES_Q+1,117.37
28/06/2022,GYES_Y+1,89.31
27/06/2022,GDAES_D+1,115.47
27/06/2022,GMAES,116.75
27/06/2022,GQES_Q+1,118.74
27/06/2022,GYES_Y+1,90.81
26/06/2022,GDAES_D+1,124.05
25/06/2022,GDAES_D+1,120.46
24/06/2022,GDAES_D+1,110.93
24/06/2022,GMAES,115.62
24/06/2022,GQES_Q+1,117.78
24/06/2022,GYES_Y+1,90.37
23/06/2022,GDAES_D+1,117.75
23/06/2022,GMAES,120
23/06/2022,GQES_Q+1,122
23/06/2022,GYES_Y+1,92.68
22/06/2022,GDAES_D+1,114.91
22/06/2022,GMAES,118.22
22/06/2022,GQES_Q+1,117.18
22/06/2022,GYES_Y+1,89.97
21/06/2022,GDAES_D+1,112.94
21/06/2022,GMAES,115.49
21/06/2022,GQES_Q+1,114
21/06/2022,GYES_Y+1,86.69
20/06/2022,GDAES_D+1,108.38
20/06/2022,GMAES,116.38
20/06/2022,GQES_Q+1,110.41
20/06/2022,GYES_Y+1,82.82
19/06/2022,GDAES_D+1,114.98
18/06/2022,GDAES_D+1,106.94
17/06/2022,GDAES_D+1,106
17/06/2022,GMAES,104.14
17/06/2022,GQES_Q+1,106.42
17/06/2022,GYES_Y+1,79.08
16/06/2022,GDAES_D+1,109
16/06/2022,GMAES,105.5
16/06/2022,GQES_Q+1,111.66
16/06/2022,GYES_Y+1,85.24
15/06/2022,GDAES_D+1,105.5
15/06/2022,GMAES,106.5
15/06/2022,GQES_Q+1,105.05
15/06/2022,GYES_Y+1,84.92
14/06/2022,GDAES_D+1,89.5
14/06/2022,GMAES,90
14/06/2022,GQES_Q+1,89.6
14/06/2022,GYES_Y+1,78.41
13/06/2022,GDAES_D+1,78.75
13/06/2022,GMAES,79.66
13/06/2022,GQES_Q+1,78.75
13/06/2022,GYES_Y+1,74.85
12/06/2022,GDAES_D+1,80.31
11/06/2022,GDAES_D+1,75.31
10/06/2022,GDAES_D+1,77.1
10/06/2022,GMAES,78.09
10/06/2022,GQES_Q+1,77.87
10/06/2022,GYES_Y+1,74.38
09/06/2022,GDAES_D+1,80
09/06/2022,GMAES,79.41
09/06/2022,GQES_Q+1,79.59
09/06/2022,GYES_Y+1,74.81
08/06/2022,GDAES_D+1,71.25
08/06/2022,GMAES,71.5
08/06/2022,GQES_Q+1,71.23
08/06/2022,GYES_Y+1,72.56
07/06/2022,GDAES_D+1,73.9
07/06/2022,GMAES,69.9
07/06/2022,GQES_Q+1,70.58
07/06/2022,GYES_Y+1,73.16
06/06/2022,GDAES_D+1,72.88
06/06/2022,GMAES,73
06/06/2022,GQES_Q+1,71.46
06/06/2022,GYES_Y+1,74.03
05/06/2022,GDAES_D+1,78.4
04/06/2022,GDAES_D+1,78.96
03/06/2022,GDAES_D+1,74.73
03/06/2022,GMAES,74.63
03/06/2022,GQES_Q+1,73.37
03/06/2022,GYES_Y+1,74.94
02/06/2022,GDAES_D+1,76.1
02/06/2022,GMAES,74.54
02/06/2022,GQES_Q+1,74.01
02/06/2022,GYES_Y+1,75.52
01/06/2022,GDAES_D+1,74.64
01/06/2022,GMAES,71.45
01/06/2022,GQES_Q+1,73.2
01/06/2022,GYES_Y+1,73.08
31/05/2022,GDAES_D+1,82.13
31/05/2022,GMAES,80.5
31/05/2022,GQES_Q+1,80.7
31/05/2022,GYES_Y+1,74.83
30/05/2022,GDAES_D+1,79.78
30/05/2022,GMAES,78.7
30/05/2022,GQES_Q+1,77.52
30/05/2022,GYES_Y+1,72.4
29/05/2022,GDAES_D+1,81.25
28/05/2022,GDAES_D+1,78.14
27/05/2022,GDAES_D+1,71.89
27/05/2022,GMAES,74.5
27/05/2022,GQES_Q+1,79.5
27/05/2022,GYES_Y+1,71.1
26/05/2022,GDAES_D+1,74.59
26/05/2022,GMAES,74
26/05/2022,GQES_Q+1,78.01
26/05/2022,GYES_Y+1,69.84
25/05/2022,GDAES_D+1,74.83
25/05/2022,GMAES,77
25/05/2022,GQES_Q+1,80.14
25/05/2022,GYES_Y+1,69.53
24/05/2022,GDAES_D+1,77.78
24/05/2022,GMAES,74
24/05/2022,GQES_Q+1,75.89
24/05/2022,GYES_Y+1,67.2
23/05/2022,GDAES_D+1,75
23/05/2022,GMAES,73.44
23/05/2022,GQES_Q+1,75
23/05/2022,GYES_Y+1,66.1
22/05/2022,GDAES_D+1,81
21/05/2022,GDAES_D+1,77.67
20/05/2022,GDAES_D+1,73.6
20/05/2022,GMAES,71.5
20/05/2022,GQES_Q+1,77.36
20/05/2022,GYES_Y+1,67.71
19/05/2022,GDAES_D+1,75.99
19/05/2022,GMAES,73
19/05/2022,GQES_Q+1,76.78
19/05/2022,GYES_Y+1,66.01
18/05/2022,GDAES_D+1,77.05
18/05/2022,GMAES,74.5
18/05/2022,GQES_Q+1,77.52
18/05/2022,GYES_Y+1,65.44
17/05/2022,GDAES_D+1,71.76
17/05/2022,GMAES,70.76
17/05/2022,GQES_Q+1,74.03
17/05/2022,GYES_Y+1,66.43
16/05/2022,GDAES_D+1,68
16/05/2022,GMAES,70.82
16/05/2022,GQES_Q+1,69.47
16/05/2022,GYES_Y+1,65.04
15/05/2022,GDAES_D+1,80
14/05/2022,GDAES_D+1,71.91
13/05/2022,GDAES_D+1,73.19
13/05/2022,GMAES,74.65
13/05/2022,GQES_Q+1,73.81
13/05/2022,GYES_Y+1,65.42
12/05/2022,GDAES_D+1,79
12/05/2022,GMAES,81
12/05/2022,GQES_Q+1,82.89
12/05/2022,GYES_Y+1,70.05
11/05/2022,GDAES_D+1,71.94
11/05/2022,GMAES,70.35
11/05/2022,GQES_Q+1,76.91
11/05/2022,GYES_Y+1,67.7
10/05/2022,GDAES_D+1,64.25
10/05/2022,GMAES,70
10/05/2022,GQES_Q+1,77.8
10/05/2022,GYES_Y+1,68.57
09/05/2022,GDAES_D+1,72.7
09/05/2022,GMAES,73
09/05/2022,GQES_Q+1,76.12
09/05/2022,GYES_Y+1,68.05
08/05/2022,GDAES_D+1,84
07/05/2022,GDAES_D+1,80.64
06/05/2022,GDAES_D+1,77.88
06/05/2022,GMAES,76.55
06/05/2022,GQES_Q+1,83.39
06/05/2022,GYES_Y+1,74.34
05/05/2022,GDAES_D+1,87
05/05/2022,GMAES,82.61
05/05/2022,GQES_Q+1,88.12
05/05/2022,GYES_Y+1,76.87
04/05/2022,GDAES_D+1,82
04/05/2022,GMAES,82.56
04/05/2022,GQES_Q+1,86.8
04/05/2022,GYES_Y+1,76.49
03/05/2022,GDAES_D+1,81.99
03/05/2022,GMAES,78
03/05/2022,GQES_Q+1,79.11
03/05/2022,GYES_Y+1,72.59
02/05/2022,GDAES_D+1,83.12
02/05/2022,GMAES,82.62
02/05/2022,GQES_Q+1,79.5
02/05/2022,GYES_Y+1,72.32
01/05/2022,GDAES_D+1,85
30/04/2022,GDAES_D+1,75.55
29/04/2022,GDAES_D+1,77.47
29/04/2022,GMAES,74.34
29/04/2022,GQES_Q+1,81.77
29/04/2022,GYES_Y+1,76.58
28/04/2022,GDAES_D+1,76.88
28/04/2022,GMAES,78.8
28/04/2022,GQES_Q+1,81.93
28/04/2022,GYES_Y+1,77.34
27/04/2022,GDAES_D+1,90.08
27/04/2022,GMAES,85.29
27/04/2022,GQES_Q+1,90.83
27/04/2022,GYES_Y+1,79.5
26/04/2022,GDAES_D+1,82.79
26/04/2022,GMAES,80.31
26/04/2022,GQES_Q+1,83.07
26/04/2022,GYES_Y+1,78.94
25/04/2022,GDAES_D+1,79.95
25/04/2022,GMAES,80.65
25/04/2022,GQES_Q+1,78.7
25/04/2022,GYES_Y+1,78.34
24/04/2022,GDAES_D+1,89.27
23/04/2022,GDAES_D+1,83.56
22/04/2022,GDAES_D+1,72.46
22/04/2022,GMAES,77
22/04/2022,GQES_Q+1,81.45
22/04/2022,GYES_Y+1,82.27
21/04/2022,GDAES_D+1,86.5
21/04/2022,GMAES,89.5
21/04/2022,GQES_Q+1,88
21/04/2022,GYES_Y+1,85.07
20/04/2022,GDAES_D+1,80.99
20/04/2022,GMAES,81
20/04/2022,GQES_Q+1,81.64
20/04/2022,GYES_Y+1,81.27
19/04/2022,GDAES_D+1,78.23
19/04/2022,GMAES,79.2
19/04/2022,GQES_Q+1,79.36
19/04/2022,GYES_Y+1,78.84
18/04/2022,GDAES_D+1,64.66
17/04/2022,GDAES_D+1,55.13
16/04/2022,GDAES_D+1,71.19
15/04/2022,GDAES_D+1,71.5
14/04/2022,GDAES_D+1,77.43
14/04/2022,GMAES,79.11
14/04/2022,GQES_Q+1,80.65
14/04/2022,GYES_Y+1,75.55
13/04/2022,GDAES_D+1,91.02
13/04/2022,GMAES,94.43
13/04/2022,GQES_Q+1,94.86
13/04/2022,GYES_Y+1,84.2
12/04/2022,GDAES_D+1,94.2
12/04/2022,GMAES,91.95
12/04/2022,GQES_Q+1,93.75
12/04/2022,GYES_Y+1,80.95
11/04/2022,GDAES_D+1,94
11/04/2022,GMAES,92.5
11/04/2022,GQES_Q+1,91.87
11/04/2022,GYES_Y+1,78.56
10/04/2022,GDAES_D+1,97.01
09/04/2022,GDAES_D+1,100.77
08/04/2022,GDAES_D+1,96.16
08/04/2022,GMAES,93.6
08/04/2022,GQES_Q+1,94.4
08/04/2022,GYES_Y+1,77.95
07/04/2022,GDAES_D+1,94.33
07/04/2022,GMAES,95.75
07/04/2022,GQES_Q+1,96.5
07/04/2022,GYES_Y+1,74.9
06/04/2022,GDAES_D+1,101.18
06/04/2022,GMAES,100.33
06/04/2022,GQES_Q+1,101.4
06/04/2022,GYES_Y+1,75.55
05/04/2022,GDAES_D+1,101.95
05/04/2022,GMAES,101.5
05/04/2022,GQES_Q+1,102.74
05/04/2022,GYES_Y+1,73.99
04/04/2022,GDAES_D+1,107
04/04/2022,GMAES,103.95
04/04/2022,GQES_Q+1,103.28
04/04/2022,GYES_Y+1,70.35
03/04/2022,GDAES_D+1,115.98
02/04/2022,GDAES_D+1,115.04
01/04/2022,GDAES_D+1,113.29
01/04/2022,GMAES,106.25
01/04/2022,GQES_Q+1,105.4
01/04/2022,GYES_Y+1,68.99
31/03/2022,GDAES_D+1,119.99
31/03/2022,GMAES,115.96
31/03/2022,GYES_Y+1,73.2
30/03/2022,GDAES_D+1,112.46
30/03/2022,GMAES,112.53
30/03/2022,GQES_Q+1,112.5
30/03/2022,GYES_Y+1,71.45
29/03/2022,GDAES_D+1,102.25
29/03/2022,GMAES,104.2
29/03/2022,GQES_Q+1,103.38
29/03/2022,GYES_Y+1,68.8
28/03/2022,GDAES_D+1,102.5
28/03/2022,GMAES,100.5
28/03/2022,GQES_Q+1,101.25
28/03/2022,GYES_Y+1,67.85
27/03/2022,GDAES_D+1,96.2
26/03/2022,GDAES_D+1,91.46
25/03/2022,GDAES_D+1,95.2
25/03/2022,GMAES,93.5
25/03/2022,GQES_Q+1,93.9
25/03/2022,GYES_Y+1,68.61
24/03/2022,GDAES_D+1,102.64
24/03/2022,GMAES,101
24/03/2022,GQES_Q+1,101.93
24/03/2022,GYES_Y+1,71.04
23/03/2022,GDAES_D+1,102
23/03/2022,GMAES,108.55
23/03/2022,GQES_Q+1,110.5
23/03/2022,GYES_Y+1,72.66
22/03/2022,GDAES_D+1,92.4
22/03/2022,GMAES,94.45
22/03/2022,GQES_Q+1,95.14
22/03/2022,GYES_Y+1,65.4
21/03/2022,GDAES_D+1,93.34
21/03/2022,GMAES,93.3
21/03/2022,GQES_Q+1,93.45
21/03/2022,GYES_Y+1,63.46
20/03/2022,GDAES_D+1,98.01
19/03/2022,GDAES_D+1,91
18/03/2022,GDAES_D+1,97.76
18/03/2022,GMAES,99.22
18/03/2022,GQES_Q+1,99.43
18/03/2022,GYES_Y+1,64.07
17/03/2022,GDAES_D+1,100.8
17/03/2022,GMAES,100.3
17/03/2022,GQES_Q+1,100.24
17/03/2022,GYES_Y+1,62.1
16/03/2022,GDAES_D+1,100.5
16/03/2022,GMAES,98.3
16/03/2022,GQES_Q+1,97.28
16/03/2022,GYES_Y+1,60.03
15/03/2022,GDAES_D+1,108.33
15/03/2022,GMAES,102.01
15/03/2022,GQES_Q+1,105.34
15/03/2022,GYES_Y+1,60.56
14/03/2022,GDAES_D+1,105.08
14/03/2022,GMAES,102.2
14/03/2022,GQES_Q+1,104.05
14/03/2022,GYES_Y+1,65.15
13/03/2022,GDAES_D+1,119.85
12/03/2022,GDAES_D+1,110.47
11/03/2022,GDAES_D+1,119.17
11/03/2022,GMAES,120
11/03/2022,GQES_Q+1,120.64
11/03/2022,GYES_Y+1,71.54
10/03/2022,GDAES_D+1,118
10/03/2022,GMAES,122.5
10/03/2022,GQES_Q+1,116.9
10/03/2022,GYES_Y+1,67.69
09/03/2022,GDAES_D+1,143.9
09/03/2022,GMAES,139.5
09/03/2022,GQES_Q+1,136.4
09/03/2022,GYES_Y+1,74.58
08/03/2022,GDAES_D+1,200.9
08/03/2022,GMAES,202
08/03/2022,GQES_Q+1,190
08/03/2022,GYES_Y+1,81.49
07/03/2022,GDAES_D+1,214.36
07/03/2022,GMAES,200.1
07/03/2022,GQES_Q+1,194.5
07/03/2022,GYES_Y+1,84.57
06/03/2022,GDAES_D+1,194.15
05/03/2022,GDAES_D+1,189.8
04/03/2022,GDAES_D+1,195.08
04/03/2022,GMAES,191
04/03/2022,GQES_Q+1,185
04/03/2022,GYES_Y+1,82
03/03/2022,GDAES_D+1,151.58
03/03/2022,GMAES,142.1
03/03/2022,GQES_Q+1,139
03/03/2022,GYES_Y+1,77.1
02/03/2022,GDAES_D+1,163.73
02/03/2022,GMAES,170.92
02/03/2022,GQES_Q+1,172
02/03/2022,GYES_Y+1,86.1
01/03/2022,GDAES_D+1,122.1
01/03/2022,GMAES,115
01/03/2022,GQES_Q+1,118
01/03/2022,GYES_Y+1,70.2
28/02/2022,GDAES_D+1,99.72
28/02/2022,GMAES,97
28/02/2022,GQES_Q+1,94.4
28/02/2022,GYES_Y+1,65.15
27/02/2022,GDAES_D+1,107.54
26/02/2022,GDAES_D+1,101.16
25/02/2022,GDAES_D+1,90.64
25/02/2022,GMAES,88.65
25/02/2022,GQES_Q+1,88.9
25/02/2022,GYES_Y+1,62.69
24/02/2022,GDAES_D+1,113.05
24/02/2022,GMAES,113.4
24/02/2022,GQES_Q+1,112.2
24/02/2022,GYES_Y+1,77.79
23/02/2022,GDAES_D+1,87.53
23/02/2022,GMAES,86.45
23/02/2022,GQES_Q+1,87.89
23/02/2022,GYES_Y+1,63.62
22/02/2022,GDAES_D+1,78.73
22/02/2022,GMAES,78.1
22/02/2022,GQES_Q+1,79
22/02/2022,GYES_Y+1,58
21/02/2022,GDAES_D+1,70.98
21/02/2022,GMAES,71.55
21/02/2022,GQES_Q+1,72.2
21/02/2022,GYES_Y+1,52.35
20/02/2022,GDAES_D+1,77.61
19/02/2022,GDAES_D+1,73.97
18/02/2022,GDAES_D+1,69.5
18/02/2022,GMAES,71.5
18/02/2022,GQES_Q+1,72.53
18/02/2022,GYES_Y+1,52.66
17/02/2022,GDAES_D+1,71.93
17/02/2022,GMAES,70.56
17/02/2022,GQES_Q+1,70.68
17/02/2022,GYES_Y+1,51.35
16/02/2022,GDAES_D+1,69.17
16/02/2022,GMAES,68.15
16/02/2022,GQES_Q+1,68.71
16/02/2022,GYES_Y+1,51.41
15/02/2022,GDAES_D+1,68.5
15/02/2022,GMAES,70
15/02/2022,GQES_Q+1,69.66
15/02/2022,GYES_Y+1,52.77
14/02/2022,GDAES_D+1,79.38
14/02/2022,GMAES,79.9
14/02/2022,GQES_Q+1,79.65
14/02/2022,GYES_Y+1,56.71
13/02/2022,GDAES_D+1,79.44
12/02/2022,GDAES_D+1,77.27
11/02/2022,GDAES_D+1,75.6
11/02/2022,GMAES,74.1
11/02/2022,GQES_Q+1,76.11
11/02/2022,GYES_Y+1,54.8
10/02/2022,GDAES_D+1,74.97
10/02/2022,GMAES,73.5
10/02/2022,GQES_Q+1,72.76
10/02/2022,GYES_Y+1,52.4
09/02/2022,GDAES_D+1,78
09/02/2022,GMAES,74.65
09/02/2022,GQES_Q+1,72.53
09/02/2022,GYES_Y+1,52.1
08/02/2022,GDAES_D+1,79.11
08/02/2022,GMAES,79.35
08/02/2022,GQES_Q+1,79.85
08/02/2022,GYES_Y+1,53.84
07/02/2022,GDAES_D+1,78.57
07/02/2022,GMAES,77.9
07/02/2022,GQES_Q+1,78.01
07/02/2022,GYES_Y+1,54.49
06/02/2022,GDAES_D+1,81.58
05/02/2022,GDAES_D+1,79.24
04/02/2022,GDAES_D+1,80.7
04/02/2022,GMAES,81.15
04/02/2022,GQES_Q+1,78.2
04/02/2022,GYES_Y+1,55.63
03/02/2022,GDAES_D+1,78.66
03/02/2022,GMAES,78.45
03/02/2022,GQES_Q+1,77.4
03/02/2022,GYES_Y+1,53.11
02/02/2022,GDAES_D+1,79.25
02/02/2022,GMAES,75.9
02/02/2022,GQES_Q+1,74.53
02/02/2022,GYES_Y+1,52.19
01/02/2022,GDAES_D+1,76.02
01/02/2022,GMAES,74.8
01/02/2022,GQES_Q+1,72.7
01/02/2022,GYES_Y+1,52
31/01/2022,GDAES_D+1,82.29
31/01/2022,GMAES,84.3
31/01/2022,GQES_Q+1,80.83
31/01/2022,GYES_Y+1,55.44
30/01/2022,GDAES_D+1,92.74
29/01/2022,GDAES_D+1,93.12
28/01/2022,GDAES_D+1,91.99
28/01/2022,GMAES,91.4
28/01/2022,GQES_Q+1,87.87
28/01/2022,GYES_Y+1,57.17
27/01/2022,GDAES_D+1,90.97
27/01/2022,GMAES,90.45
27/01/2022,GQES_Q+1,88.01
27/01/2022,GYES_Y+1,54.65
26/01/2022,GDAES_D+1,90.83
26/01/2022,GMAES,90.6
26/01/2022,GQES_Q+1,85.23
26/01/2022,GYES_Y+1,52.77
25/01/2022,GDAES_D+1,91.52
25/01/2022,GMAES,93
25/01/2022,GQES_Q+1,83.14
25/01/2022,GYES_Y+1,50.95
24/01/2022,GDAES_D+1,90.4
24/01/2022,GMAES,89.5
24/01/2022,GQES_Q+1,80.73
24/01/2022,GYES_Y+1,49.53
23/01/2022,GDAES_D+1,87
22/01/2022,GDAES_D+1,79.99
21/01/2022,GDAES_D+1,79
21/01/2022,GMAES,77.08
21/01/2022,GQES_Q+1,68.39
21/01/2022,GYES_Y+1,45.73
20/01/2022,GDAES_D+1,76
20/01/2022,GMAES,74
20/01/2022,GQES_Q+1,64.09
20/01/2022,GYES_Y+1,44.45
19/01/2022,GDAES_D+1,74.4
19/01/2022,GMAES,71.9
19/01/2022,GQES_Q+1,61.53
19/01/2022,GYES_Y+1,43.43
18/01/2022,GDAES_D+1,80.5
18/01/2022,GMAES,76.62
18/01/2022,GQES_Q+1,64.14
18/01/2022,GYES_Y+1,44.24
17/01/2022,GDAES_D+1,78.5
17/01/2022,GMAES,80.25
17/01/2022,GQES_Q+1,64.13
17/01/2022,GYES_Y+1,43.9
16/01/2022,GDAES_D+1,94.99
15/01/2022,GDAES_D+1,89.76
14/01/2022,GDAES_D+1,86
14/01/2022,GMAES,81
14/01/2022,GQES_Q+1,67.17
14/01/2022,GYES_Y+1,44.97
13/01/2022,GDAES_D+1,83.47
13/01/2022,GMAES,81
13/01/2022,GQES_Q+1,64.7
13/01/2022,GYES_Y+1,44.55
12/01/2022,GDAES_D+1,74.94
12/01/2022,GMAES,78
12/01/2022,GQES_Q+1,64.32
12/01/2022,GYES_Y+1,44.2
11/01/2022,GDAES_D+1,81
11/01/2022,GMAES,78
11/01/2022,GQES_Q+1,70.94
11/01/2022,GYES_Y+1,46.42
10/01/2022,GDAES_D+1,83.4
10/01/2022,GMAES,87.43
10/01/2022,GQES_Q+1,77.17
10/01/2022,GYES_Y+1,48.17
09/01/2022,GDAES_D+1,90
08/01/2022,GDAES_D+1,83.67
07/01/2022,GDAES_D+1,84.93
07/01/2022,GMAES,94
07/01/2022,GQES_Q+1,78.95
07/01/2022,GYES_Y+1,48.69
06/01/2022,GDAES_D+1,94.96
06/01/2022,GMAES,94
06/01/2022,GQES_Q+1,85.92
06/01/2022,GYES_Y+1,51.75
05/01/2022,GDAES_D+1,92.8
05/01/2022,GMAES,94
05/01/2022,GQES_Q+1,82.63
05/01/2022,GYES_Y+1,50.46
04/01/2022,GDAES_D+1,85.87
04/01/2022,GMAES,85.5
04/01/2022,GQES_Q+1,80.39
04/01/2022,GYES_Y+1,48.95
03/01/2022,GDAES_D+1,78.2
03/01/2022,GMAES,79.5
03/01/2022,GQES_Q+1,71.81
03/01/2022,GYES_Y+1,45.51
02/01/2022,GDAES_D+1,60.5
01/01/2022,GDAES_D+1,48.56
31/12/2021,GDAES_D+1,62.44
31/12/2021,GMAES,62.7
